"year","price","mileage","location","model","age"
2008,7.5,126.706,"state college","Civic",16
2009,16.689,0.92,"state college","Civic",15
2008,7.8,167.777,"state college","Civic",16
2019,18.7,25.468,"state college","Civic",5
2005,7.4,193.811,"state college","Civic",19
2021,23.79,22.635,"state college","Civic",3
2015,12.385,89.311,"state college","Civic",9
2021,52.99,4.297,"state college","Civic",3
2023,28.816,1.568,"state college","Civic",1
2010,9.832,90.626,"state college","Civic",14
2017,15.295,98.032,"state college","Civic",7
2022,25.59,23.521,"state college","Civic",2
2017,14.989,108.685,"state college","Civic",7
2021,21.25,12.835,"state college","Civic",3
2021,24.708,31.735,"state college","Civic",3
2019,23.17,24.571,"state college","Civic",5
2023,27,6.305,"state college","Civic",1
2013,9.4,169.15,"state college","Civic",11
2019,19.797,33.94,"state college","Civic",5
2016,14.988,90,"state college","Civic",8
2023,23.99,4.899,"state college","Civic",1
2013,10.95,107.239,"state college","Civic",11
2021,21.999,5.438,"state college","Civic",3
2016,11.998,120.348,"state college","Civic",8
2021,22.672,26.165,"state college","Civic",3
2024,25.2,2.211,"state college","Civic",0
2012,9.8,139.79,"state college","Civic",12
2021,22.863,22.196,"state college","Civic",3
2008,6.3,156.709,"state college","Civic",16
2008,7.285,122.547,"state college","Civic",16
2020,22.925,42.656,"state college","Civic",4
2017,14.995,112.187,"state college","Civic",7
2022,24.346,18.455,"state college","Civic",2
2018,14.197,80.861,"state college","Civic",6
2021,18.985,45.653,"state college","Civic",3
2020,19.313,101.296,"state college","Civic",4
2018,22.35,75.118,"state college","Civic",6
2012,9.277,120.923,"state college","Civic",12
2016,15.995,125.126,"state college","Civic",8
2020,21.2,59.834,"state college","Civic",4
2021,18.498,76.761,"state college","Civic",3
2021,25.988,4.968,"state college","Civic",3
2015,11,150.613,"state college","Civic",9
2022,25.961,22.192,"state college","Civic",2
2019,17.995,82.572,"state college","Civic",5
2020,21.803,43.648,"state college","Civic",4
2020,25.412,19.573,"state college","Civic",4
2009,6.495,134.869,"state college","Civic",15
2021,23.162,16.785,"state college","Civic",3
2019,20.99,55.458,"state college","Civic",5
2022,23.29,45.088,"state college","Civic",2
2021,21.5,43.594,"state college","Civic",3
2003,6.4,171.432,"state college","Civic",21
2005,8.99,68.714,"state college","Civic",19
2016,15.585,64.962,"state college","Civic",8
2019,21.647,46.235,"state college","Civic",5
2014,15.449,52.186,"state college","Civic",10
2021,21.902,12.043,"state college","Civic",3
2022,24.5,21.631,"state college","Civic",2
2017,17.499,60.901,"state college","Civic",7
2013,9.487,132.06,"state college","Civic",11
2021,24.988,10.616,"state college","Civic",3
2017,18.5,67.158,"state college","Civic",7
2017,14.785,95.318,"state college","Civic",7
2015,12.995,105.369,"state college","Civic",9
2020,22.978,17.236,"state college","Civic",4
2019,17.999,70.567,"state college","Civic",5
2009,7.99,115.189,"state college","Civic",15
2011,10.248,74.082,"state college","Civic",13
2021,23.489,33.176,"state college","Civic",3
2017,21,20,"state college","Civic",7
2019,24.995,61.921,"state college","Civic",5
2013,10.532,127.73,"state college","Civic",11
2021,22.99,28.175,"state college","Civic",3
2013,11.887,103.184,"state college","Civic",11
2023,29.665,15.139,"state college","Civic",1
2012,10.3,69,"state college","Civic",12
2019,23.697,17.055,"state college","Civic",5
2010,8.992,147.551,"state college","Civic",14
2021,22.993,25.741,"state college","Civic",3
2015,14.49,93.949,"state college","Civic",9
2012,10.8,95.502,"state college","Civic",12
2016,13,128.397,"state college","Civic",8
2009,8.4,131.522,"state college","Civic",15
2021,19.8,29.292,"state college","Civic",3
2015,12.584,94.242,"state college","Civic",9
2020,19.755,68.15,"state college","Civic",4
2020,27.709,9.847,"state college","Civic",4
2021,22.5,30.285,"state college","Civic",3
2018,14.985,59.997,"state college","Civic",6
2022,26.988,7.213,"state college","Civic",2
2021,23.988,32.085,"state college","Civic",3
2017,16.795,61.29,"state college","Civic",7
2013,11.564,94.588,"state college","Civic",11
2022,26.778,29.976,"state college","Civic",2
2020,18.988,100.619,"state college","Civic",4
2015,15.249,118.763,"state college","Civic",9
2020,20.998,57.32,"state college","Civic",4
2002,9.95,128.408,"state college","Civic",22
2018,19.35,50.79,"state college","Civic",6
2021,19.988,34.364,"state college","Civic",3
2014,14.385,61.845,"state college","Civic",10
2017,18.985,25.302,"state college","Civic",7
2021,22.988,25.113,"state college","Civic",3
2021,23.988,27.12,"state college","Civic",3
2016,16.485,74.971,"state college","Civic",8
2016,14.499,105.195,"state college","Civic",8
2020,19.449,50.343,"state college","Civic",4
2018,19.999,54.713,"state college","Civic",6
2013,6.995,192.716,"state college","Civic",11
2020,21.999,34.799,"state college","Civic",4
2021,25.229,44.474,"state college","Civic",3
2021,23.79,26.992,"state college","Civic",3
2015,11.485,87.495,"state college","Civic",9
2023,26.59,5.174,"state college","Civic",1
2014,13.846,90.122,"state college","Civic",10
2017,17.99,80.058,"state college","Civic",7
2013,10.988,103.061,"state college","Civic",11
2018,15.685,54.902,"state college","Civic",6
2013,10.998,106,"state college","Civic",11
2021,25.48,16.945,"state college","Civic",3
2021,26.988,23.223,"state college","Civic",3
2022,23.865,44.665,"state college","Civic",2
2022,24.761,25.157,"state college","Civic",2
2023,46.622,11.023,"state college","Civic",1
2010,7.99,139.764,"state college","Civic",14
2020,24.845,13.877,"state college","Civic",4
2024,29,3.567,"state college","Civic",0
2021,24.995,54.17,"state college","Civic",3
2013,14,87.305,"state college","Civic",11
2013,12.979,93.369,"state college","Civic",11
2020,23.5,35.964,"state college","Civic",4
2015,14.831,25.678,"state college","Civic",9
2021,22.899,32.931,"state college","Civic",3
2016,18.639,53.467,"state college","Civic",8
2018,17.5,72.648,"state college","Civic",6
2021,25.95,36.926,"state college","Civic",3
2018,15.985,56.125,"state college","Civic",6
2022,24.5,13.912,"state college","Civic",2
2023,26.518,44.805,"state college","Civic",1
2015,15.5,27,"state college","Civic",9
2015,11.99,94.137,"state college","Civic",9
2020,20.999,33.635,"state college","Civic",4
2019,19.765,59.804,"state college","Civic",5
2015,11.599,116.872,"state college","Civic",9
2017,17.785,55.592,"state college","Civic",7
2021,24.3,14.772,"state college","Civic",3
2014,14.977,81.135,"state college","Civic",10
2017,17.995,55.159,"state college","Civic",7
2021,21.631,34.925,"state college","Civic",3
2014,13.785,73.977,"state college","Civic",10
2016,14.101,123.037,"state college","Civic",8
2017,15.487,76.505,"state college","Civic",7
2012,8.488,133.029,"state college","Civic",12
2019,21,76.336,"state college","Civic",5
2018,23.365,55.323,"state college","Civic",6
2018,19.898,50.875,"state college","Civic",6
2019,18,73.981,"state college","Civic",5
2021,23.988,19.703,"state college","Civic",3
2016,17.785,62.022,"state college","Civic",8
2023,30.96,3.424,"state college","Civic",1
2013,9.999,138.349,"state college","Civic",11
2019,23.195,49.295,"state college","Civic",5
2021,22.3,38.475,"state college","Civic",3
2022,26.363,7.635,"state college","Civic",2
2020,23.499,5.351,"state college","Civic",4
2021,18.988,42.166,"state college","Civic",3
2022,24.5,23.019,"state college","Civic",2
2020,21.654,21.219,"state college","Civic",4
2018,11.985,156.315,"state college","Civic",6
2016,14.9,126.434,"state college","Civic",8
2013,9.5,149.146,"state college","Civic",11
2010,9.998,81.484,"state college","Civic",14
2020,18.1,55.149,"state college","Civic",4
2020,20.29,38.635,"state college","Civic",4
2017,15.9,97.209,"state college","Civic",7
2021,23.953,6.194,"state college","Civic",3
2016,19.66,27.829,"state college","Civic",8
2018,16.985,35.932,"state college","Civic",6
2023,30.995,0.646,"state college","Civic",1
2006,7.995,104.635,"state college","Civic",18
2023,23.999,27.228,"state college","Civic",1
2020,18.488,66.008,"state college","Civic",4
2010,7.49,100.26,"state college","Civic",14
2019,21.99,61.768,"state college","Civic",5
2023,47.985,0.07,"state college","Civic",1
2007,11.197,168.002,"state college","Civic",17
2023,25.499,4.031,"state college","Civic",1
2022,23.7,23.42,"state college","Civic",2
2019,19.73,44.071,"state college","Civic",5
2020,25.788,24.489,"state college","Civic",4
2019,18.95,54.697,"state college","Civic",5
2015,8.915,163.395,"state college","Civic",9
2017,15.985,69.4,"state college","Civic",7
2016,12.839,129.057,"state college","Civic",8
2012,8.6,184.221,"state college","Civic",12
2022,23.5,39.864,"state college","Civic",2
2016,12.271,149.852,"state college","Civic",8
2020,18.988,33.569,"state college","Civic",4
2009,8.961,132.283,"state college","Civic",15
2020,21.295,11.445,"state college","Civic",4
2018,15.285,88.972,"state college","Civic",6
2023,25.197,14.115,"state college","Civic",1
2016,17.128,90.592,"state college","Civic",8
2022,25.5,1.582,"state college","Civic",2
2020,19.444,26.548,"state college","Civic",4
2022,25.799,8.02,"state college","Civic",2
2005,7.4,115.789,"state college","Civic",19
2021,22.993,41.322,"state college","Civic",3
2022,23.304,41.051,"state college","Civic",2
2019,19.499,66.649,"state college","Civic",5
2013,12.788,135.001,"state college","Civic",11
2016,17.497,64.721,"state college","Civic",8
2022,24.2,22.768,"state college","Civic",2
2023,46.488,1.02,"state college","Civic",1
1992,1.2,200,"state college","Civic",32
2019,19.5,60.117,"state college","Civic",5
2023,27.792,21.493,"state college","Civic",1
2020,22.876,20.422,"state college","Civic",4
2016,13.9,88.39,"state college","Civic",8
2022,22.993,44.648,"state college","Civic",2
2017,15.49,99.399,"state college","Civic",7
2021,21.988,16.951,"state college","Civic",3
2010,8.49,113.806,"state college","Civic",14
2021,23.988,26.26,"state college","Civic",3
2003,5.499,152.772,"state college","Civic",21
2011,8.49,138.179,"state college","Civic",13
2015,13.975,70.07,"Charlotte","Civic",9
2019,17.874,85.994,"Charlotte","Civic",5
2021,25,43.189,"Charlotte","Civic",3
2002,3.65,212.602,"Charlotte","Civic",22
2013,9.999,110.469,"Charlotte","Civic",11
2019,21.689,28.218,"Charlotte","Civic",5
2022,21.852,28.605,"Charlotte","Civic",2
2021,21.988,24.872,"Charlotte","Civic",3
2021,22,67.699,"Charlotte","Civic",3
2020,21.2,60.286,"Charlotte","Civic",4
2024,24.699,1.84,"Charlotte","Civic",0
2021,22.189,39.266,"Charlotte","Civic",3
2009,7.302,150,"Charlotte","Civic",15
2020,19.784,50.585,"Charlotte","Civic",4
2012,8.995,116.042,"Charlotte","Civic",12
2021,20.901,70.852,"Charlotte","Civic",3
2023,28.486,9.572,"Charlotte","Civic",1
2019,20.578,17.45,"Charlotte","Civic",5
2024,27.988,1.22,"Charlotte","Civic",0
2018,18.94,69.04,"Charlotte","Civic",6
2022,26.3,28.96,"Charlotte","Civic",2
2012,8.5,140.471,"Charlotte","Civic",12
2021,24.764,21.055,"Charlotte","Civic",3
2014,15.9,32.675,"Charlotte","Civic",10
2023,24.861,11.921,"Charlotte","Civic",1
2018,17.193,101.763,"Charlotte","Civic",6
2019,24.529,47.456,"Charlotte","Civic",5
2022,26.489,46.913,"Charlotte","Civic",2
2022,19.7,60.568,"Charlotte","Civic",2
2023,50,11.4,"Charlotte","Civic",1
2022,29.082,31.943,"Charlotte","Civic",2
2022,23.695,41.831,"Charlotte","Civic",2
2008,9.994,124.044,"Charlotte","Civic",16
2010,7.999,126.26,"Charlotte","Civic",14
2024,26.99,11.206,"Charlotte","Civic",0
2019,18.4,91.322,"Charlotte","Civic",5
2022,21.999,47.259,"Charlotte","Civic",2
2021,24,51.013,"Charlotte","Civic",3
2023,29.995,10.512,"Charlotte","Civic",1
2021,20.8,41.259,"Charlotte","Civic",3
2018,12.9,155.074,"Charlotte","Civic",6
2018,18.588,96.039,"Charlotte","Civic",6
2016,14.997,87.872,"Charlotte","Civic",8
2020,18.852,66.809,"Charlotte","Civic",4
2022,26.898,33.997,"Charlotte","Civic",2
2022,23.688,25.053,"Charlotte","Civic",2
2013,9.495,141.183,"Charlotte","Civic",11
2019,20.337,52.158,"Charlotte","Civic",5
2024,26.988,8.555,"Charlotte","Civic",0
2021,21.348,30.409,"Charlotte","Civic",3
2023,26.162,4.886,"Charlotte","Civic",1
2020,20.265,50.123,"Charlotte","Civic",4
2019,19.355,74.536,"Charlotte","Civic",5
2021,20.65,29.388,"Charlotte","Civic",3
2017,19.999,82.079,"Charlotte","Civic",7
2020,19.997,125.545,"Charlotte","Civic",4
2013,7.968,161.346,"Charlotte","Civic",11
2018,16.798,84.014,"Charlotte","Civic",6
2023,27.9,7.38,"Charlotte","Civic",1
2019,19.457,78.736,"Charlotte","Civic",5
2022,22.776,24.637,"Charlotte","Civic",2
2020,24.588,42.929,"Charlotte","Civic",4
2019,17.6,77.871,"Charlotte","Civic",5
2021,25,30.783,"Charlotte","Civic",3
2012,12.846,133.914,"Charlotte","Civic",12
2016,15.5,94.272,"Charlotte","Civic",8
2007,11.88,52.954,"Charlotte","Civic",17
2019,20.075,56.311,"Charlotte","Civic",5
2021,22.988,23.732,"Charlotte","Civic",3
2022,27.788,16.385,"Charlotte","Civic",2
2021,24.997,16.162,"Charlotte","Civic",3
2005,4.5,277,"Charlotte","Civic",19
2017,16.202,87.936,"Charlotte","Civic",7
2019,18.336,76.664,"Charlotte","Civic",5
2020,22,54.602,"Charlotte","Civic",4
2021,19.5,70.815,"Charlotte","Civic",3
2020,21.461,74.791,"Charlotte","Civic",4
2021,23.998,28.845,"Charlotte","Civic",3
2020,19.994,38.313,"Charlotte","Civic",4
2021,21.878,33.392,"Charlotte","Civic",3
2016,12.995,111.623,"Charlotte","Civic",8
2018,19.6,48.725,"Charlotte","Civic",6
2021,23.964,58.291,"Charlotte","Civic",3
2018,22,71.549,"Charlotte","Civic",6
2019,34.4,64.971,"Charlotte","Civic",5
2020,26.99,39.534,"Charlotte","Civic",4
2014,13.995,104.57,"Charlotte","Civic",10
2023,26.2,9.796,"Charlotte","Civic",1
2018,14.999,108.678,"Charlotte","Civic",6
2013,7.25,200.051,"Charlotte","Civic",11
2021,22.999,36.217,"Charlotte","Civic",3
2022,27.5,31.861,"Charlotte","Civic",2
2019,16.25,40.123,"Charlotte","Civic",5
2022,23.5,52.218,"Charlotte","Civic",2
2013,10.495,124.984,"Charlotte","Civic",11
2022,24.151,55.606,"Charlotte","Civic",2
2020,25.65,22.541,"Charlotte","Civic",4
2022,26.542,35.522,"Charlotte","Civic",2
2019,18.999,52.581,"Charlotte","Civic",5
2021,24.702,16.488,"Charlotte","Civic",3
2018,35,51,"Charlotte","Civic",6
2020,21.46,42.578,"Charlotte","Civic",4
2011,7.999,147.474,"Charlotte","Civic",13
2017,15.9,67.123,"Charlotte","Civic",7
2013,10.991,87.73,"Charlotte","Civic",11
2015,16.49,81.753,"Charlotte","Civic",9
2021,21,37.266,"Charlotte","Civic",3
2023,26.4,1.509,"Charlotte","Civic",1
2022,27.997,21.982,"Charlotte","Civic",2
2017,15.999,125.741,"Charlotte","Civic",7
2013,9.999,123.925,"Charlotte","Civic",11
2014,16.913,28.168,"Charlotte","Civic",10
2020,18.977,66.979,"Charlotte","Civic",4
2021,26,16.225,"Charlotte","Civic",3
2018,19.998,74.915,"Charlotte","Civic",6
2018,13.5,130.743,"Charlotte","Civic",6
2020,20.863,26.562,"Charlotte","Civic",4
2018,19.7,52.151,"Charlotte","Civic",6
2016,14.94,94.416,"Charlotte","Civic",8
2020,22.8,40.36,"Charlotte","Civic",4
2023,26.499,14.362,"Charlotte","Civic",1
2012,9.5,134.184,"Charlotte","Civic",12
2020,19.933,60.923,"Charlotte","Civic",4
2019,14.344,176.727,"Charlotte","Civic",5
2020,23.395,29.515,"Charlotte","Civic",4
2019,15.977,83.346,"Charlotte","Civic",5
2020,20.988,42.901,"Charlotte","Civic",4
2018,15.999,94.25,"Charlotte","Civic",6
2021,18.5,136.436,"Charlotte","Civic",3
2017,17.999,81.492,"Charlotte","Civic",7
2021,24.378,13.498,"Charlotte","Civic",3
2016,14.269,112.904,"Charlotte","Civic",8
2019,16.195,127.349,"Charlotte","Civic",5
2020,22.89,37.591,"Charlotte","Civic",4
2021,24.788,38.222,"Charlotte","Civic",3
2021,23.689,52.513,"Charlotte","Civic",3
2003,4.995,98.95,"Charlotte","Civic",21
2020,23.463,29.988,"Charlotte","Civic",4
2012,8.39,148.184,"Charlotte","Civic",12
2023,29.672,3.657,"Charlotte","Civic",1
2020,22.5,61.513,"Charlotte","Civic",4
2017,17.5,97.848,"Charlotte","Civic",7
2019,20.2,98,"Charlotte","Civic",5
2018,18.426,80.507,"Charlotte","Civic",6
2023,26.389,12.421,"Charlotte","Civic",1
2018,22.249,42.265,"Charlotte","Civic",6
2022,24.987,20.88,"Charlotte","Civic",2
2020,19.991,45.144,"Charlotte","Civic",4
2021,19.3,70.052,"Charlotte","Civic",3
2020,20.216,24.043,"Charlotte","Civic",4
2019,17.8,37.4,"Charlotte","Civic",5
2022,21.999,42.01,"Charlotte","Civic",2
2018,19.817,46.989,"Charlotte","Civic",6
2012,10.5,93.98,"Charlotte","Civic",12
2023,25.747,11.175,"Charlotte","Civic",1
2022,26.541,22.299,"Charlotte","Civic",2
2020,21.591,49.193,"Charlotte","Civic",4
2022,22.5,58.407,"Charlotte","Civic",2
2021,38.988,25.133,"Charlotte","Civic",3
2022,23.824,32.11,"Charlotte","Civic",2
2019,21.535,39.641,"Charlotte","Civic",5
2012,12.995,138.811,"Charlotte","Civic",12
2017,19.946,73.804,"Charlotte","Civic",7
2022,24.999,31.878,"Charlotte","Civic",2
2023,29.784,16.766,"Charlotte","Civic",1
2020,22.978,19.963,"Charlotte","Civic",4
2022,23.997,27.367,"Charlotte","Civic",2
2021,23.494,4.828,"Charlotte","Civic",3
2020,18.971,107.268,"Charlotte","Civic",4
2013,7.997,196.591,"Charlotte","Civic",11
2022,22.232,51.187,"Charlotte","Civic",2
2020,19.7,35.781,"Charlotte","Civic",4
2023,46.999,0.83,"Charlotte","Civic",1
2015,13.998,94.849,"Charlotte","Civic",9
2020,16.76,83.222,"Charlotte","Civic",4
2021,23.767,48.332,"Charlotte","Civic",3
2024,27.27,4.425,"Charlotte","Civic",0
2018,22,46.5,"Charlotte","Civic",6
2020,20.085,40.564,"Charlotte","Civic",4
2021,21.363,72.97,"Charlotte","Civic",3
2007,6.441,94.557,"Charlotte","Civic",17
2014,14.402,90.898,"Charlotte","Civic",10
2022,25.459,21.699,"Charlotte","Civic",2
2024,31.5,3.5,"Charlotte","Civic",0
2012,7.999,132.099,"Charlotte","Civic",12
2021,26,19.22,"Charlotte","Civic",3
2021,19,43.112,"Charlotte","Civic",3
2021,20.791,48.306,"Charlotte","Civic",3
2022,19.997,70.638,"Charlotte","Civic",2
2023,26.308,9.218,"Charlotte","Civic",1
2023,26,10.516,"Charlotte","Civic",1
2022,22.67,31.236,"Charlotte","Civic",2
2014,13.49,112.059,"Charlotte","Civic",10
2019,21.99,13.468,"Charlotte","Civic",5
2019,15.8,77.59,"Charlotte","Civic",5
2010,4.9,197.504,"Charlotte","Civic",14
2019,16.197,76.755,"Charlotte","Civic",5
2015,12.35,100.113,"Charlotte","Civic",9
2012,8.999,115.56,"Charlotte","Civic",12
2018,14.961,135.86,"Charlotte","Civic",6
2015,13.203,127.68,"Charlotte","Civic",9
2019,19.449,61.402,"Charlotte","Civic",5
2022,23.5,36.65,"Charlotte","Civic",2
2023,29.483,12.631,"Charlotte","Civic",1
2018,19.075,25.067,"Charlotte","Civic",6
2018,15.946,119.125,"Charlotte","Civic",6
2016,10,200.989,"Charlotte","Civic",8
2018,20.9,31.615,"Charlotte","Civic",6
2018,17.999,45.813,"Charlotte","Civic",6
2021,24.996,22.316,"Charlotte","Civic",3
2019,21.95,29.361,"Charlotte","Civic",5
2019,21.994,61.667,"Charlotte","Civic",5
2022,30.607,14.618,"Charlotte","Civic",2
2019,18.496,47.959,"Charlotte","Civic",5
2017,15.995,121.855,"Charlotte","Civic",7
2024,29.999,2.598,"Charlotte","Civic",0
2015,16.888,48.416,"Charlotte","Civic",9
2016,16.998,66.106,"Charlotte","Civic",8
2021,22.999,21.713,"Charlotte","Civic",3
2007,7.497,161.998,"Charlotte","Civic",17
2016,7.999,208.88,"Charlotte","Civic",8
2017,16.5,85.379,"Charlotte","Civic",7
2013,10.995,102.085,"Charlotte","Civic",11
2018,19.999,60.153,"Charlotte","Civic",6
2019,20,67.87,"Charlotte","Civic",5
2021,24.998,41.055,"Charlotte","Civic",3
2018,15.999,93.707,"Charlotte","Civic",6
2023,29.5,1.535,"Charlotte","Civic",1
2020,20.989,39.748,"Charlotte","Civic",4
2020,19,63.898,"Charlotte","Civic",4
2023,24.693,23.01,"Charlotte","Civic",1
2006,6,99.89,"Charlotte","Civic",18
2021,20.995,30.22,"Charlotte","Civic",3
2021,23.827,47.877,"Charlotte","Civic",3
2017,17.692,76.779,"Charlotte","Civic",7
2024,31.98,5.7,"Charlotte","Civic",0
2023,24.694,43.924,"Charlotte","Civic",1
2021,21.465,53.286,"Charlotte","Civic",3
2021,20.9,51.879,"Charlotte","Civic",3
2015,10.25,119.747,"Charlotte","Civic",9
2017,14.927,127.812,"Charlotte","Civic",7
2020,20.609,64.268,"Charlotte","Civic",4
2023,25.157,12.077,"Charlotte","Civic",1
2012,9.999,119.582,"Charlotte","Civic",12
2021,26.455,21.106,"Charlotte","Civic",3
2021,21.533,28.42,"Charlotte","Civic",3
2016,17.95,83.16,"Charlotte","Civic",8
2021,21.5,45.915,"Charlotte","Civic",3
2018,17.997,78.661,"Charlotte","Civic",6
2021,22.999,56.212,"Charlotte","Civic",3
2016,10.998,140.2,"Charlotte","Civic",8
2023,24.696,48.366,"Charlotte","Civic",1
2022,24.984,20.491,"Charlotte","Civic",2
2020,20.236,30.179,"Charlotte","Civic",4
2021,22.956,57.215,"Charlotte","Civic",3
2017,12.99,121.661,"Charlotte","Civic",7
2020,21.99,36.601,"Charlotte","Civic",4
2023,49.396,3.678,"Charlotte","Civic",1
2024,32.157,3.27,"Charlotte","Civic",0
2015,14.698,99.051,"Charlotte","Civic",9
2018,14.299,154.841,"Charlotte","Civic",6
2018,19.997,50.67,"Charlotte","Civic",6
2018,39.62,4.528,"Charlotte","Civic",6
2019,19.9,65.697,"Charlotte","Civic",5
2023,26.996,24.38,"Charlotte","Civic",1
2021,22.999,51.452,"Charlotte","Civic",3
2016,16.489,150.533,"Charlotte","Civic",8
2018,20.964,43.094,"Charlotte","Civic",6
2020,19.888,53.736,"Charlotte","Civic",4
2018,15.999,82.136,"Charlotte","Civic",6
2022,25,19,"Charlotte","Civic",2
2022,23.988,30.529,"Charlotte","Civic",2
2012,10.995,131.278,"Charlotte","Civic",12
2020,20.594,56.012,"Charlotte","Civic",4
2015,15.999,95.928,"Charlotte","Civic",9
2017,16.478,110.35,"Charlotte","Civic",7
2020,19.224,61.719,"Charlotte","Civic",4
2007,9.5,96.697,"Charlotte","Civic",17
2021,23.927,50.23,"Charlotte","Civic",3
2019,36.898,38.372,"Charlotte","Civic",5
2020,19.651,20.814,"Charlotte","Civic",4
2021,22.599,41.002,"Charlotte","Civic",3
2019,23.5,53.546,"Charlotte","Civic",5
2008,4,170,"Charlotte","Civic",16
2017,15.395,99.221,"Charlotte","Civic",7
2021,22.67,42.101,"Charlotte","Civic",3
2020,22.971,46.212,"Charlotte","Civic",4
2014,14.35,43,"Charlotte","Civic",10
2021,21.358,113.191,"Charlotte","Civic",3
2018,16.03,98.95,"Charlotte","Civic",6
2023,26.509,16.521,"Charlotte","Civic",1
2022,22.977,61.315,"Charlotte","Civic",2
2012,9.85,138.525,"Charlotte","Civic",12
2023,24.991,18.136,"Charlotte","Civic",1
2016,16.896,65.849,"Charlotte","Civic",8
2018,17.5,77.1,"Charlotte","Civic",6
2022,23.5,23.178,"Charlotte","Civic",2
2016,14.999,48,"Charlotte","Civic",8
2022,23.67,13.9,"Charlotte","Civic",2
2021,25.457,17.686,"Charlotte","Civic",3
2015,16.995,81.437,"state college","Cherokee",9
2020,17.39,124.533,"state college","Cherokee",4
2019,21.95,52.015,"state college","Cherokee",5
2019,20.788,80.167,"state college","Cherokee",5
2019,21.98,27.318,"state college","Cherokee",5
2021,27.995,10.313,"state college","Cherokee",3
2019,14.95,142.526,"state college","Cherokee",5
2015,12.25,104.714,"state college","Cherokee",9
2020,25,24.825,"state college","Cherokee",4
2021,24.581,42.939,"state college","Cherokee",3
2019,20,31.064,"state college","Cherokee",5
2023,32.99,10.651,"state college","Cherokee",1
2015,15.73,86.477,"state college","Cherokee",9
2021,23.5,61.135,"state college","Cherokee",3
2020,23.442,45.369,"state college","Cherokee",4
2017,12.585,117.151,"state college","Cherokee",7
2017,20.9,72.719,"state college","Cherokee",7
2021,26.398,26.493,"state college","Cherokee",3
2019,21.771,50.757,"state college","Cherokee",5
2021,23.5,37.749,"state college","Cherokee",3
2020,22.828,42.642,"state college","Cherokee",4
2020,23.33,30.942,"state college","Cherokee",4
2016,14.492,72.411,"state college","Cherokee",8
2022,27.588,25.368,"state college","Cherokee",2
2021,24.98,25.99,"state college","Cherokee",3
2014,11.9,126.103,"state college","Cherokee",10
2020,22.25,64.093,"state college","Cherokee",4
2021,22.997,31.323,"state college","Cherokee",3
2020,20.99,68.49,"state college","Cherokee",4
2021,24.99,40.386,"state college","Cherokee",3
2021,24.998,30.752,"state college","Cherokee",3
2021,26.412,31.018,"state college","Cherokee",3
2017,15.8,66.551,"state college","Cherokee",7
2021,25.708,15.471,"state college","Cherokee",3
1999,5.775,233.688,"state college","Cherokee",25
2021,26.398,24.318,"state college","Cherokee",3
2023,31.9,9.245,"state college","Cherokee",1
2019,17.99,67.237,"state college","Cherokee",5
2020,21.8,41.628,"state college","Cherokee",4
2014,13.6,83.292,"state college","Cherokee",10
2021,25,48.653,"state college","Cherokee",3
2017,17.5,78.248,"state college","Cherokee",7
2020,24.695,22.002,"state college","Cherokee",4
2022,29.693,5.67,"state college","Cherokee",2
2017,15.185,42.083,"state college","Cherokee",7
2021,25.798,29.82,"state college","Cherokee",3
2020,26.697,29.235,"state college","Cherokee",4
2020,19.888,62.331,"state college","Cherokee",4
2014,14.495,104.072,"state college","Cherokee",10
2014,16.999,58.583,"state college","Cherokee",10
2020,21.99,42.173,"state college","Cherokee",4
2019,19.997,58.789,"state college","Cherokee",5
2016,13.995,110.84,"state college","Cherokee",8
2016,12.302,122.125,"state college","Cherokee",8
2021,29.995,17.3,"state college","Cherokee",3
2020,22.498,54.918,"state college","Cherokee",4
2015,13.99,135.921,"state college","Cherokee",9
2021,23.995,53.283,"state college","Cherokee",3
2019,18.616,87.815,"state college","Cherokee",5
2020,18.998,67.077,"state college","Cherokee",4
2019,18.788,80.693,"state college","Cherokee",5
2021,24.497,22.091,"state college","Cherokee",3
2020,23,42.331,"state college","Cherokee",4
2021,26.498,24.793,"state college","Cherokee",3
2016,13,104.857,"state college","Cherokee",8
2019,21.5,41.105,"state college","Cherokee",5
2021,25.998,25.767,"state college","Cherokee",3
2019,18.999,61.101,"state college","Cherokee",5
2017,20.995,33.602,"state college","Cherokee",7
2017,15.49,96.129,"state college","Cherokee",7
2021,25.995,29.736,"state college","Cherokee",3
2020,24.663,10.381,"state college","Cherokee",4
2018,14.5,79.541,"state college","Cherokee",6
2019,21.85,53.198,"state college","Cherokee",5
2016,13.068,126.197,"state college","Cherokee",8
2021,25.998,21.695,"state college","Cherokee",3
2016,12,171,"state college","Cherokee",8
2019,17.99,113.487,"state college","Cherokee",5
2017,20.998,42.755,"state college","Cherokee",7
2016,16.953,82.533,"state college","Cherokee",8
2019,20.9,59.028,"state college","Cherokee",5
2021,27.988,10.246,"state college","Cherokee",3
2021,26.971,38.535,"state college","Cherokee",3
2017,14.995,115.099,"state college","Cherokee",7
2021,22.75,34.394,"state college","Cherokee",3
2017,20.492,56.129,"state college","Cherokee",7
2023,30.45,1.591,"state college","Cherokee",1
2017,15.376,93.04,"state college","Cherokee",7
2020,25.5,20.086,"state college","Cherokee",4
2015,8.944,117.739,"state college","Cherokee",9
2019,20,54.619,"state college","Cherokee",5
2015,13.995,103.232,"state college","Cherokee",9
2017,14.798,102.137,"state college","Cherokee",7
2021,24.847,29.768,"state college","Cherokee",3
2022,28.756,14.011,"state college","Cherokee",2
2019,19.995,46.749,"state college","Cherokee",5
2015,14.56,63.024,"state college","Cherokee",9
2021,26.995,37.849,"state college","Cherokee",3
2022,28.9,10.99,"state college","Cherokee",2
2018,23.9,44.272,"state college","Cherokee",6
2021,26.995,25.671,"state college","Cherokee",3
2019,23.867,23.727,"state college","Cherokee",5
2019,22.998,24.667,"state college","Cherokee",5
2021,21.988,69.569,"state college","Cherokee",3
2014,16.98,88.08,"state college","Cherokee",10
2016,15.998,72.05,"state college","Cherokee",8
2019,23.998,42.446,"state college","Cherokee",5
2021,21.588,27.732,"state college","Cherokee",3
2021,24.995,26.502,"state college","Cherokee",3
2020,22.287,32.212,"state college","Cherokee",4
2019,19.9,28,"state college","Cherokee",5
2021,25.175,30.112,"state college","Cherokee",3
2022,31.995,16.672,"state college","Cherokee",2
2018,25.9,6.165,"state college","Cherokee",6
2015,10.495,137.769,"state college","Cherokee",9
2021,26.995,35.429,"state college","Cherokee",3
2021,24.542,25.303,"state college","Cherokee",3
2016,14.99,86.314,"state college","Cherokee",8
2021,24.9,19.627,"state college","Cherokee",3
2019,19.98,38.984,"state college","Cherokee",5
2021,26.5,31.403,"state college","Cherokee",3
2020,24.768,21.976,"state college","Cherokee",4
2020,21.995,63.4,"state college","Cherokee",4
2021,27.397,14.811,"state college","Cherokee",3
2016,8.933,112.601,"state college","Cherokee",8
2000,9.75,94.025,"state college","Cherokee",24
2015,10.99,133.556,"state college","Cherokee",9
2018,19.995,98.824,"state college","Cherokee",6
2021,25.995,13.603,"state college","Cherokee",3
2019,22.988,38.272,"state college","Cherokee",5
2019,16.988,106.652,"state college","Cherokee",5
2019,16.513,126.207,"state college","Cherokee",5
2016,12.653,93.123,"state college","Cherokee",8
2014,9.886,141,"state college","Cherokee",10
2020,26.995,26.812,"state college","Cherokee",4
2019,22.995,46.904,"state college","Cherokee",5
2021,25.68,28.433,"state college","Cherokee",3
2020,21.8,42.372,"state college","Cherokee",4
2020,23.988,41.061,"state college","Cherokee",4
2020,20.995,29.603,"state college","Cherokee",4
2019,17.595,86.795,"state college","Cherokee",5
2021,22.5,62.373,"state college","Cherokee",3
2019,19.965,58.867,"state college","Cherokee",5
2019,17.799,68.449,"state college","Cherokee",5
2017,17.156,45.747,"state college","Cherokee",7
2021,26.498,21.81,"state college","Cherokee",3
2017,15.895,97.138,"state college","Cherokee",7
2020,24.588,27.626,"state college","Cherokee",4
2016,13.5,95.975,"state college","Cherokee",8
2021,26.698,18.16,"state college","Cherokee",3
2021,25.58,15.332,"state college","Cherokee",3
2021,27.705,17.883,"state college","Cherokee",3
2015,13.99,122.707,"state college","Cherokee",9
2021,26.512,35.038,"state college","Cherokee",3
2021,23.652,33.026,"state college","Cherokee",3
2020,21.997,26.641,"state college","Cherokee",4
2019,21.75,39.45,"state college","Cherokee",5
2017,17.98,45.981,"state college","Cherokee",7
2020,21,50.379,"state college","Cherokee",4
2021,27.5,19.75,"state college","Cherokee",3
2021,26.498,26.181,"state college","Cherokee",3
2021,28.995,13.549,"state college","Cherokee",3
2022,30.93,15.845,"state college","Cherokee",2
2023,31.9,8.119,"state college","Cherokee",1
2014,13.994,90.052,"state college","Cherokee",10
2015,10.998,134,"state college","Cherokee",9
2019,13.535,111.789,"state college","Cherokee",5
2017,11.599,125.753,"state college","Cherokee",7
2014,10.498,106.1,"state college","Cherokee",10
2020,23.89,36.003,"state college","Cherokee",4
2019,20.458,43.637,"state college","Cherokee",5
2020,25.38,53.079,"state college","Cherokee",4
2021,31.991,15.083,"state college","Cherokee",3
2021,25.925,57.793,"state college","Cherokee",3
2019,17.968,79.626,"state college","Cherokee",5
2021,24.99,27.627,"state college","Cherokee",3
2016,20.402,58.15,"state college","Cherokee",8
2021,27.995,37.329,"state college","Cherokee",3
2014,13.98,84.206,"state college","Cherokee",10
2020,23.339,21.994,"state college","Cherokee",4
2019,18.5,81.612,"state college","Cherokee",5
2014,15.9,75.835,"state college","Cherokee",10
2020,25.5,20.638,"state college","Cherokee",4
2020,21.98,59.659,"state college","Cherokee",4
2019,20.988,38.469,"state college","Cherokee",5
2022,30.25,31.059,"state college","Cherokee",2
2021,24.995,37.967,"state college","Cherokee",3
2021,26.997,22.707,"state college","Cherokee",3
2019,21.988,60.142,"state college","Cherokee",5
2021,28.524,36.289,"state college","Cherokee",3
2018,16.988,86.465,"state college","Cherokee",6
2021,27.429,15.665,"state college","Cherokee",3
2021,21.785,44.992,"state college","Cherokee",3
2021,24.997,17.439,"state college","Cherokee",3
2023,33.995,6.022,"state college","Cherokee",1
2020,24.5,27.614,"state college","Cherokee",4
2021,26.598,26.667,"state college","Cherokee",3
2018,19.986,80.825,"state college","Cherokee",6
2020,25.593,16.265,"state college","Cherokee",4
2021,23.65,36.466,"state college","Cherokee",3
2019,22.988,33.158,"state college","Cherokee",5
2020,20.497,40.706,"state college","Cherokee",4
2021,25.988,29.522,"state college","Cherokee",3
2021,23.982,45.186,"state college","Cherokee",3
2020,21.599,46.692,"state college","Cherokee",4
2017,17.988,52.413,"state college","Cherokee",7
2020,21,71.127,"state college","Cherokee",4
2021,25.998,30.052,"state college","Cherokee",3
2015,17.994,62.485,"state college","Cherokee",9
2016,16.304,84.984,"state college","Cherokee",8
2019,17.495,106.898,"state college","Cherokee",5
2020,21.99,44.404,"state college","Cherokee",4
2020,17.9,42,"state college","Cherokee",4
2019,19.678,52.534,"state college","Cherokee",5
2020,24.588,37.531,"state college","Cherokee",4
2022,27.497,21.784,"state college","Cherokee",2
2021,28.995,21.289,"state college","Cherokee",3
2020,18.995,96.891,"state college","Cherokee",4
2019,19.988,48.007,"state college","Cherokee",5
2021,26.598,17.008,"state college","Cherokee",3
2018,21.788,48.184,"state college","Cherokee",6
2020,23.5,44.304,"state college","Cherokee",4
2015,14.99,68.346,"state college","Cherokee",9
2021,26.398,20.141,"state college","Cherokee",3
2019,20.3,80.065,"state college","Cherokee",5
2021,24.75,36.86,"state college","Cherokee",3
2020,24.5,29.907,"state college","Cherokee",4
2017,15.49,106.476,"state college","Cherokee",7
2022,32.995,14.721,"state college","Cherokee",2
2015,19,62.862,"state college","Cherokee",9
2020,25.995,24.109,"state college","Cherokee",4
2022,34.995,6.2,"state college","Cherokee",2
2016,12.58,116.329,"state college","Cherokee",8
2021,27.997,24.318,"state college","Cherokee",3
2019,15.8,105.909,"state college","Cherokee",5
2019,15.8,114.901,"state college","Cherokee",5
2021,24.458,43.406,"state college","Cherokee",3
2018,16.499,87.346,"state college","Cherokee",6
2020,17.497,73.865,"state college","Cherokee",4
2021,25,36.216,"state college","Cherokee",3
2021,21.788,62.184,"state college","Cherokee",3
2018,19.995,54.812,"state college","Cherokee",6
2021,24.968,21.205,"state college","Cherokee",3
2017,13.59,96.386,"state college","Cherokee",7
2019,17.985,86.452,"state college","Cherokee",5
2020,21.499,48.421,"state college","Cherokee",4
2021,26.998,34.602,"state college","Cherokee",3
2021,25.885,19.912,"state college","Cherokee",3
2020,22,49.277,"state college","Cherokee",4
2021,28.74,14.374,"state college","Cherokee",3
2020,21.5,42.652,"state college","Cherokee",4
2018,19.995,62.5,"state college","Cherokee",6
2018,14.95,108.271,"state college","Cherokee",6
2014,10.263,118.709,"state college","Cherokee",10
2021,25.799,32.913,"state college","Cherokee",3
2016,14,94.159,"state college","Cherokee",8
2019,19.5,47.866,"state college","Cherokee",5
2022,31.995,22.034,"state college","Cherokee",2
2021,23.9,26.084,"state college","Cherokee",3
2020,18.398,61.055,"state college","Cherokee",4
2016,12.975,129.149,"state college","Cherokee",8
2018,18.996,67.579,"state college","Cherokee",6
2019,16.9,101.833,"state college","Cherokee",5
2021,27.38,31.676,"state college","Cherokee",3
2015,13.785,48.182,"state college","Cherokee",9
2021,25.577,37.303,"state college","Cherokee",3
2019,21.75,54.976,"state college","Cherokee",5
2020,20,36,"state college","Cherokee",4
2020,20.699,56.342,"state college","Cherokee",4
2019,18.995,55.706,"state college","Cherokee",5
2021,25.498,35.181,"state college","Cherokee",3
2020,21.53,40.487,"state college","Cherokee",4
2019,17.99,63.471,"state college","Cherokee",5
2017,14.988,109.43,"state college","Cherokee",7
2016,14.9,107.269,"state college","Cherokee",8
2016,14.895,90.384,"state college","Cherokee",8
2019,19.206,78.85,"state college","Cherokee",5
2017,14.198,99.294,"state college","Cherokee",7
2021,22.593,19.8,"state college","Cherokee",3
2019,15.797,89.592,"state college","Cherokee",5
2019,22,54.154,"state college","Cherokee",5
2019,21.995,61.511,"state college","Cherokee",5
2018,14.995,93.564,"state college","Cherokee",6
2019,16.495,98.051,"state college","Cherokee",5
2021,25.925,28.525,"state college","Cherokee",3
2018,16.5,74.601,"state college","Cherokee",6
2021,26.995,28.603,"state college","Cherokee",3
2019,25.555,22.658,"state college","Cherokee",5
2020,23.982,33.305,"state college","Cherokee",4
2016,15.888,90.913,"state college","Cherokee",8
2020,23.911,28.252,"state college","Cherokee",4
2020,21.674,70.368,"state college","Cherokee",4
2021,25.462,24.53,"state college","Cherokee",3
2020,24.995,40.572,"state college","Cherokee",4
2021,28.459,25.939,"state college","Cherokee",3
2021,23.79,51.426,"state college","Cherokee",3
2021,26.298,28.239,"state college","Cherokee",3
2020,19.998,80.591,"state college","Cherokee",4
2015,16.825,39.863,"state college","Cherokee",9
2021,22.988,40.826,"state college","Cherokee",3
2015,11.999,114.976,"Charlotte","Cherokee",9
2019,21.75,28.159,"Charlotte","Cherokee",5
2014,6.998,188.835,"Charlotte","Cherokee",10
2019,17.984,84.31,"Charlotte","Cherokee",5
2019,18.5,64.659,"Charlotte","Cherokee",5
2019,15.819,95.004,"Charlotte","Cherokee",5
2020,19.999,55.175,"Charlotte","Cherokee",4
2019,25.697,33.123,"Charlotte","Cherokee",5
2016,10.697,155.72,"Charlotte","Cherokee",8
2019,20.5,53,"Charlotte","Cherokee",5
2020,25.999,28.306,"Charlotte","Cherokee",4
2015,9.8,121.56,"Charlotte","Cherokee",9
2020,24.9,61.301,"Charlotte","Cherokee",4
2019,21.999,43.601,"Charlotte","Cherokee",5
2017,17.39,52.51,"Charlotte","Cherokee",7
2020,27.05,66.058,"Charlotte","Cherokee",4
2020,16.695,87.96,"Charlotte","Cherokee",4
2021,24.99,85.042,"Charlotte","Cherokee",3
2016,14.998,76.962,"Charlotte","Cherokee",8
2021,21.84,52.792,"Charlotte","Cherokee",3
2020,24.764,40.159,"Charlotte","Cherokee",4
2014,8.445,137.003,"Charlotte","Cherokee",10
2020,23.489,28.776,"Charlotte","Cherokee",4
2019,22.7,58.014,"Charlotte","Cherokee",5
2020,18.996,54.201,"Charlotte","Cherokee",4
2021,18.422,76.561,"Charlotte","Cherokee",3
2019,19.987,42.912,"Charlotte","Cherokee",5
2014,15.373,90.003,"Charlotte","Cherokee",10
2019,20.999,40.939,"Charlotte","Cherokee",5
2023,29.95,6.7,"Charlotte","Cherokee",1
2019,14.877,133.155,"Charlotte","Cherokee",5
2017,13.79,81.344,"Charlotte","Cherokee",7
2021,27.521,23.449,"Charlotte","Cherokee",3
2020,19.991,56.589,"Charlotte","Cherokee",4
2021,19.565,62.627,"Charlotte","Cherokee",3
2022,29.99,50.781,"Charlotte","Cherokee",2
2020,24.997,39.439,"Charlotte","Cherokee",4
2021,19.6,64.474,"Charlotte","Cherokee",3
2017,13.793,109.339,"Charlotte","Cherokee",7
2017,15.994,97.03,"Charlotte","Cherokee",7
2021,23.556,29.737,"Charlotte","Cherokee",3
2020,22.589,35.729,"Charlotte","Cherokee",4
2016,12.971,98.123,"Charlotte","Cherokee",8
2016,15.99,88.022,"Charlotte","Cherokee",8
2017,19.495,63.487,"Charlotte","Cherokee",7
2021,19.611,62.566,"Charlotte","Cherokee",3
2020,24.589,27.094,"Charlotte","Cherokee",4
2021,22.971,67.25,"Charlotte","Cherokee",3
2020,22.639,29.753,"Charlotte","Cherokee",4
2017,8.999,146.991,"Charlotte","Cherokee",7
2019,19.99,76.87,"Charlotte","Cherokee",5
2015,14.498,112.552,"Charlotte","Cherokee",9
2021,22.597,61.366,"Charlotte","Cherokee",3
2021,21.591,72.021,"Charlotte","Cherokee",3
2019,18.998,69.764,"Charlotte","Cherokee",5
2021,26.997,44.632,"Charlotte","Cherokee",3
2022,29.999,46.116,"Charlotte","Cherokee",2
2022,33.2,17.377,"Charlotte","Cherokee",2
2021,23.95,32.571,"Charlotte","Cherokee",3
2015,13.999,135.513,"Charlotte","Cherokee",9
2021,27.95,38.483,"Charlotte","Cherokee",3
2017,19.253,61.94,"Charlotte","Cherokee",7
2022,25.749,63.488,"Charlotte","Cherokee",2
2019,10.995,130.248,"Charlotte","Cherokee",5
2018,18.095,90.773,"Charlotte","Cherokee",6
2022,29.973,23.657,"Charlotte","Cherokee",2
2021,26.415,18.297,"Charlotte","Cherokee",3
2019,19.708,46.056,"Charlotte","Cherokee",5
2021,23.3,47.397,"Charlotte","Cherokee",3
2020,20.5,36.014,"Charlotte","Cherokee",4
2020,18.889,88.027,"Charlotte","Cherokee",4
2020,27.195,24.19,"Charlotte","Cherokee",4
2018,17.695,75.269,"Charlotte","Cherokee",6
2021,23.432,42.083,"Charlotte","Cherokee",3
2018,14.499,109.676,"Charlotte","Cherokee",6
2021,20,46.762,"Charlotte","Cherokee",3
2020,16.991,110.294,"Charlotte","Cherokee",4
2016,13.998,121.046,"Charlotte","Cherokee",8
2017,18.229,41.238,"Charlotte","Cherokee",7
2022,27.793,20.568,"Charlotte","Cherokee",2
2014,13.987,94.365,"Charlotte","Cherokee",10
2021,26.251,28.101,"Charlotte","Cherokee",3
2017,15.9,99.989,"Charlotte","Cherokee",7
2022,31.999,5.561,"Charlotte","Cherokee",2
2021,23.5,45.147,"Charlotte","Cherokee",3
2018,19.849,65.008,"Charlotte","Cherokee",6
2015,11.995,118.654,"Charlotte","Cherokee",9
2021,22.275,42.174,"Charlotte","Cherokee",3
2021,26.484,32.575,"Charlotte","Cherokee",3
2019,16.5,85.537,"Charlotte","Cherokee",5
2023,32.077,7.716,"Charlotte","Cherokee",1
2021,24.888,21.44,"Charlotte","Cherokee",3
2016,12.495,98.843,"Charlotte","Cherokee",8
2021,26.898,21.543,"Charlotte","Cherokee",3
2022,29.49,6.036,"Charlotte","Cherokee",2
2019,17.5,94.848,"Charlotte","Cherokee",5
2016,11.3,104.497,"Charlotte","Cherokee",8
2019,22.999,46.047,"Charlotte","Cherokee",5
2022,27.465,18.201,"Charlotte","Cherokee",2
2019,18.999,84.865,"Charlotte","Cherokee",5
2022,25.95,18.154,"Charlotte","Cherokee",2
2021,26.879,16.336,"Charlotte","Cherokee",3
2014,12.468,125.365,"Charlotte","Cherokee",10
2019,19.462,68.463,"Charlotte","Cherokee",5
2017,13.977,99.088,"Charlotte","Cherokee",7
2021,22.895,20.421,"Charlotte","Cherokee",3
2017,16.696,72.397,"Charlotte","Cherokee",7
2017,22.489,54.342,"Charlotte","Cherokee",7
2019,20.577,45.282,"Charlotte","Cherokee",5
2019,12.897,126.726,"Charlotte","Cherokee",5
2021,30.459,19.694,"Charlotte","Cherokee",3
2019,13.995,98.324,"Charlotte","Cherokee",5
2021,18.919,57.402,"Charlotte","Cherokee",3
2021,23.589,24.922,"Charlotte","Cherokee",3
2021,21.618,54.253,"Charlotte","Cherokee",3
2021,23.289,35.687,"Charlotte","Cherokee",3
2020,18.999,81.257,"Charlotte","Cherokee",4
2019,15.5,105.524,"Charlotte","Cherokee",5
2019,22.095,83.899,"Charlotte","Cherokee",5
2016,8.999,150.954,"Charlotte","Cherokee",8
2019,15.999,87.186,"Charlotte","Cherokee",5
2019,17.271,92.803,"Charlotte","Cherokee",5
2014,11.35,126.569,"Charlotte","Cherokee",10
2022,27.998,50.298,"Charlotte","Cherokee",2
2017,16.793,48.527,"Charlotte","Cherokee",7
2022,26.2,26.201,"Charlotte","Cherokee",2
2018,16.474,89.362,"Charlotte","Cherokee",6
2016,9.995,147.57,"Charlotte","Cherokee",8
2021,24.948,28.093,"Charlotte","Cherokee",3
2023,29,11.194,"Charlotte","Cherokee",1
2019,22.7,78.786,"Charlotte","Cherokee",5
2021,18.9,50.44,"Charlotte","Cherokee",3
2021,20.69,82.032,"Charlotte","Cherokee",3
2019,20.99,87.844,"Charlotte","Cherokee",5
2020,22.626,67.052,"Charlotte","Cherokee",4
2022,27.5,33.576,"Charlotte","Cherokee",2
2016,12.495,114.348,"Charlotte","Cherokee",8
2019,14.5,117.245,"Charlotte","Cherokee",5
2022,25.781,58.764,"Charlotte","Cherokee",2
2021,23.726,56.323,"Charlotte","Cherokee",3
2021,29.468,47.877,"Charlotte","Cherokee",3
2020,21.798,62.663,"Charlotte","Cherokee",4
2023,31.741,7.181,"Charlotte","Cherokee",1
2016,14.4,81.294,"Charlotte","Cherokee",8
2016,11.45,90.869,"Charlotte","Cherokee",8
2016,13.995,88.831,"Charlotte","Cherokee",8
2019,18.745,70.17,"Charlotte","Cherokee",5
2022,27.378,37.086,"Charlotte","Cherokee",2
2019,21.977,71.911,"Charlotte","Cherokee",5
2019,16.233,115.301,"Charlotte","Cherokee",5
2016,15.768,61.399,"Charlotte","Cherokee",8
2023,31.4,7.796,"Charlotte","Cherokee",1
2019,24.695,33.9,"Charlotte","Cherokee",5
2019,18.541,45.875,"Charlotte","Cherokee",5
2023,32.359,8.23,"Charlotte","Cherokee",1
2019,24.778,64.68,"Charlotte","Cherokee",5
2020,21.988,90.03,"Charlotte","Cherokee",4
2020,22.998,75.021,"Charlotte","Cherokee",4
2019,18.169,78.807,"Charlotte","Cherokee",5
2019,20.992,44.4,"Charlotte","Cherokee",5
2023,29,10.279,"Charlotte","Cherokee",1
2020,17.599,80.545,"Charlotte","Cherokee",4
2019,19.25,75.825,"Charlotte","Cherokee",5
2017,8.997,168.085,"Charlotte","Cherokee",7
2014,10.99,124.185,"Charlotte","Cherokee",10
2021,23.965,35.046,"Charlotte","Cherokee",3
2022,23.5,26.288,"Charlotte","Cherokee",2
2019,18.148,55.809,"Charlotte","Cherokee",5
2019,19.53,59.82,"Charlotte","Cherokee",5
2016,12.99,97.456,"Charlotte","Cherokee",8
2017,14.3,110.238,"Charlotte","Cherokee",7
2015,13.995,110.484,"Charlotte","Cherokee",9
2014,13.9,104,"Charlotte","Cherokee",10
2021,21.169,27.234,"Charlotte","Cherokee",3
2021,21.589,33.954,"Charlotte","Cherokee",3
2019,19.991,60.945,"Charlotte","Cherokee",5
2017,18.99,70.892,"Charlotte","Cherokee",7
2017,16.995,100.111,"Charlotte","Cherokee",7
2021,27.568,19.543,"Charlotte","Cherokee",3
2021,25,29.474,"Charlotte","Cherokee",3
2021,21,48.234,"Charlotte","Cherokee",3
2019,20.647,83.777,"Charlotte","Cherokee",5
2020,17.471,123.074,"Charlotte","Cherokee",4
2019,14.999,100.943,"Charlotte","Cherokee",5
2021,25.5,47.2,"Charlotte","Cherokee",3
2021,24.987,23.137,"Charlotte","Cherokee",3
2020,19.471,106.255,"Charlotte","Cherokee",4
2021,22.983,31.113,"Charlotte","Cherokee",3
2021,21.954,66.171,"Charlotte","Cherokee",3
2019,20.435,52.845,"Charlotte","Cherokee",5
2019,18.169,64.136,"Charlotte","Cherokee",5
2018,18.2,84.19,"Charlotte","Cherokee",6
2015,12.988,96.699,"Charlotte","Cherokee",9
2021,26.384,17.019,"Charlotte","Cherokee",3
2014,16.5,48.022,"Charlotte","Cherokee",10
2020,26.597,26.333,"Charlotte","Cherokee",4
2021,24.991,59.064,"Charlotte","Cherokee",3
2020,21.626,65.454,"Charlotte","Cherokee",4
2021,20.311,62.982,"Charlotte","Cherokee",3
2019,16.757,95.185,"Charlotte","Cherokee",5
2018,16.762,77.338,"Charlotte","Cherokee",6
2019,22.997,60.537,"Charlotte","Cherokee",5
2019,18.788,60.461,"Charlotte","Cherokee",5
2023,31.776,3.588,"Charlotte","Cherokee",1
2021,18.079,59.606,"Charlotte","Cherokee",3
2019,20.389,43.543,"Charlotte","Cherokee",5
2018,17.497,87.536,"Charlotte","Cherokee",6
2014,14.993,91.404,"Charlotte","Cherokee",10
2019,23.915,36.579,"Charlotte","Cherokee",5
2019,20.895,57.199,"Charlotte","Cherokee",5
2020,24.8,22.715,"Charlotte","Cherokee",4
2021,24.389,23.899,"Charlotte","Cherokee",3
2017,20.944,76.997,"Charlotte","Cherokee",7
2019,19.7,73.382,"Charlotte","Cherokee",5
2021,27.891,30.981,"Charlotte","Cherokee",3
2021,24.796,61.9,"Charlotte","Cherokee",3
2020,25.094,24.99,"Charlotte","Cherokee",4
2019,17.988,79.736,"Charlotte","Cherokee",5
2021,24.389,22.613,"Charlotte","Cherokee",3
2021,27.367,14.91,"Charlotte","Cherokee",3
2022,25.25,16.547,"Charlotte","Cherokee",2
2023,31.63,8.866,"Charlotte","Cherokee",1
2017,19.095,74.847,"Charlotte","Cherokee",7
2017,19.9,71.097,"Charlotte","Cherokee",7
2019,15.9,112.327,"Charlotte","Cherokee",5
2019,22.913,41.719,"Charlotte","Cherokee",5
2021,24.875,24.285,"Charlotte","Cherokee",3
2014,9.4,145.4,"Charlotte","Cherokee",10
2018,19.477,41.882,"Charlotte","Cherokee",6
2017,17.9,45.344,"Charlotte","Cherokee",7
2021,25.413,22.636,"Charlotte","Cherokee",3
2015,13.595,107.903,"Charlotte","Cherokee",9
2019,19.999,65.035,"Charlotte","Cherokee",5
2021,26.25,53.683,"Charlotte","Cherokee",3
2020,26.373,23.181,"Charlotte","Cherokee",4
2019,22.7,44.851,"Charlotte","Cherokee",5
2019,21.95,36.937,"Charlotte","Cherokee",5
2021,23.989,27.592,"Charlotte","Cherokee",3
2020,23.5,43.136,"Charlotte","Cherokee",4
2015,13.985,67.471,"Charlotte","Cherokee",9
2019,17.995,86.502,"Charlotte","Cherokee",5
2022,23.454,54.031,"Charlotte","Cherokee",2
2018,22.8,52.467,"Charlotte","Cherokee",6
2018,15.9,95.6,"Charlotte","Cherokee",6
2019,16.6,111.16,"Charlotte","Cherokee",5
2021,23.995,16.401,"Charlotte","Cherokee",3
2015,14.995,87.934,"Charlotte","Cherokee",9
2014,11.981,101.47,"Charlotte","Cherokee",10
2018,19.88,63.194,"Charlotte","Cherokee",6
2019,17.2,75.202,"Charlotte","Cherokee",5
2014,10.311,110.319,"Charlotte","Cherokee",10
2021,23.295,50.662,"Charlotte","Cherokee",3
2019,19.997,60.658,"Charlotte","Cherokee",5
2019,18.72,42.061,"Charlotte","Cherokee",5
2021,22.7,46.934,"Charlotte","Cherokee",3
2017,8.5,151.575,"Charlotte","Cherokee",7
2022,28.591,22.616,"Charlotte","Cherokee",2
2018,21.395,60.642,"Charlotte","Cherokee",6
2023,28.48,13.945,"Charlotte","Cherokee",1
2019,16.9,68.924,"Charlotte","Cherokee",5
2021,23.301,28.59,"Charlotte","Cherokee",3
2019,18.997,55.153,"Charlotte","Cherokee",5
2021,26.989,20.058,"Charlotte","Cherokee",3
2014,9.996,119.683,"Charlotte","Cherokee",10
2023,29,14.161,"Charlotte","Cherokee",1
2021,26.5,28.086,"Charlotte","Cherokee",3
2023,30,10.803,"Charlotte","Cherokee",1
2019,20.675,60.599,"Charlotte","Cherokee",5
2016,13.896,105.875,"Charlotte","Cherokee",8
2021,27.791,26.594,"Charlotte","Cherokee",3
2019,24.7,33.095,"Charlotte","Cherokee",5
2019,15.991,110.98,"Charlotte","Cherokee",5
2021,22,33.023,"Charlotte","Cherokee",3
2021,24.75,41.994,"Charlotte","Cherokee",3
2017,11.84,127.277,"Charlotte","Cherokee",7
2021,36.997,40.137,"state college","F150",3
2013,12.55,167.448,"state college","F150",11
2020,34.5,36.851,"state college","F150",4
2022,43.991,22.169,"state college","F150",2
2022,64.7,21.524,"state college","F150",2
2023,56.8,5.211,"state college","F150",1
2022,39.811,3.498,"state college","F150",2
2020,35.713,24.006,"state college","F150",4
2016,19.779,118.208,"state college","F150",8
2019,29.777,60.301,"state college","F150",5
2019,29.488,77.03,"state college","F150",5
2022,44.922,14.875,"state college","F150",2
2021,38.3,38.633,"state college","F150",3
2016,26.988,82.237,"state college","F150",8
2020,31.25,42,"state college","F150",4
2007,13.5,124.174,"state college","F150",17
2022,47.987,25.615,"state college","F150",2
2021,47.9,41.288,"state college","F150",3
2019,39.988,38.35,"state college","F150",5
2015,22.921,89.73,"state college","F150",9
2019,39,35.709,"state college","F150",5
2018,28.799,78.287,"state college","F150",6
2021,37.4,39.204,"state college","F150",3
2012,8,150.123,"state college","F150",12
2021,45.495,38.709,"state college","F150",3
2021,30.998,69.26,"state college","F150",3
2021,49.896,20.189,"state college","F150",3
2021,43.995,23.205,"state college","F150",3
2023,57.997,2.358,"state college","F150",1
2016,26.99,77.55,"state college","F150",8
2020,45.673,18.121,"state college","F150",4
2022,42.98,12.309,"state college","F150",2
2022,44.9,35.177,"state college","F150",2
2019,33.227,38.628,"state college","F150",5
2021,41.987,29.371,"state college","F150",3
2022,45,7.5,"state college","F150",2
2022,44.997,44.637,"state college","F150",2
2022,39.911,17.42,"state college","F150",2
2022,38.5,62.902,"state college","F150",2
2013,13.4,157.924,"state college","F150",11
2021,36.497,11.621,"state college","F150",3
2019,28.022,89.106,"state college","F150",5
2020,35.988,56.648,"state college","F150",4
2023,42.997,16.129,"state college","F150",1
2017,35.085,95.382,"state college","F150",7
2022,53.9,25.695,"state college","F150",2
2021,38.985,39.239,"state college","F150",3
2019,29.799,86.671,"state college","F150",5
2016,25.452,94.829,"state college","F150",8
2015,26.777,60.513,"state college","F150",9
2020,33.988,37.177,"state college","F150",4
2021,42.9,28.924,"state college","F150",3
2023,50.9,10.746,"state college","F150",1
2016,18.988,94.622,"state college","F150",8
2014,22.995,93.975,"state college","F150",10
2023,46.985,12.988,"state college","F150",1
2016,32.314,78.535,"state college","F150",8
2021,35.533,32.215,"state college","F150",3
2018,33.98,31.62,"state college","F150",6
2022,45.795,27.877,"state college","F150",2
2020,37.931,31.779,"state college","F150",4
2022,43.971,20,"state college","F150",2
2012,31.968,59.336,"state college","F150",12
2018,42.491,60.808,"state college","F150",6
2021,41.99,27.339,"state college","F150",3
2019,30.588,63.857,"state college","F150",5
2020,37.898,57.705,"state college","F150",4
2008,11.5,113.358,"state college","F150",16
2022,42.995,22.909,"state college","F150",2
2006,10,115,"state college","F150",18
2022,75.352,15.431,"state college","F150",2
2016,19.997,72.345,"state college","F150",8
2021,39.212,15.648,"state college","F150",3
2021,36.689,59.175,"state college","F150",3
2022,34.997,44.495,"state college","F150",2
2020,37,30.474,"state college","F150",4
2023,79.85,0.949,"state college","F150",1
2018,33,50.922,"state college","F150",6
2021,47.988,24.876,"state college","F150",3
2021,41.985,26.911,"state college","F150",3
2020,36.176,78.96,"state college","F150",4
2021,36.5,32.531,"state college","F150",3
2021,39.997,36.076,"state college","F150",3
2008,10.5,87.647,"state college","F150",16
2015,29.89,89.04,"state college","F150",9
2022,49.9,22.763,"state college","F150",2
2021,37.5,39.433,"state college","F150",3
2023,47.896,0.064,"state college","F150",1
2019,33.9,48.109,"state college","F150",5
2016,23.899,87.438,"state college","F150",8
2011,16.417,91.374,"state college","F150",13
2023,52.9,0.298,"state college","F150",1
2011,24,90,"state college","F150",13
2021,53,26.623,"state college","F150",3
2017,27.886,53.549,"state college","F150",7
2022,39,9.939,"state college","F150",2
2019,34.5,38.383,"state college","F150",5
2016,26.97,64.012,"state college","F150",8
2021,44.159,66.673,"state college","F150",3
2021,41.988,21.962,"state college","F150",3
2020,42.5,25.186,"state college","F150",4
2021,38.463,37.309,"state college","F150",3
2018,27.998,46.661,"state college","F150",6
2004,10.9,58.529,"state college","F150",20
2021,37.9,34.753,"state college","F150",3
2020,35.495,12.05,"state college","F150",4
2022,41.9,22.371,"state college","F150",2
2017,30.8,87.951,"state college","F150",7
2014,21.519,71.506,"state college","F150",10
2015,20.995,130.251,"state college","F150",9
2014,23.992,82.06,"state college","F150",10
2021,52.44,15.428,"state college","F150",3
2021,57.9,19.352,"state college","F150",3
2019,28.499,53.636,"state college","F150",5
2021,39.975,19.881,"state college","F150",3
2023,48.9,17.295,"state college","F150",1
2021,35.699,18.366,"state college","F150",3
2018,26.999,73,"state college","F150",6
2021,34.755,40.344,"state college","F150",3
2021,51.5,15.872,"state college","F150",3
2023,57,15.882,"state college","F150",1
2021,35.9,34.723,"state college","F150",3
2020,28.988,40.164,"state college","F150",4
2013,18,101.434,"state college","F150",11
2020,43.495,24.151,"state college","F150",4
2023,47.49,0.085,"state college","F150",1
2018,26.488,102.876,"state college","F150",6
2021,51,22.027,"state college","F150",3
2019,26.99,98.454,"state college","F150",5
2019,34.288,44.289,"state college","F150",5
2022,53.9,5.207,"state college","F150",2
2020,35.488,46.938,"state college","F150",4
2022,42.9,15.697,"state college","F150",2
2021,49.877,39.291,"state college","F150",3
2019,33.999,13.139,"state college","F150",5
2019,58.488,49.746,"state college","F150",5
2023,52.2,2.827,"state college","F150",1
2022,44.2,15.47,"state college","F150",2
2021,38,25.272,"state college","F150",3
2022,45.9,16.989,"state college","F150",2
2023,53.497,3.217,"state college","F150",1
2021,39.987,44.917,"state college","F150",3
2022,44.997,13.847,"state college","F150",2
2017,44.765,58.893,"state college","F150",7
2021,40.985,37.755,"state college","F150",3
2021,43.495,53.092,"state college","F150",3
2023,47.5,0.061,"state college","F150",1
2011,16.585,122.292,"state college","F150",13
2023,46.988,16.965,"state college","F150",1
2022,40.99,4.403,"state college","F150",2
2019,32.535,51.173,"state college","F150",5
2020,28.995,103.647,"state college","F150",4
2018,38.99,51.52,"state college","F150",6
2021,39.881,24.609,"state college","F150",3
2014,36.5,79.961,"state college","F150",10
2020,37.588,23.236,"state college","F150",4
2023,59.985,9.425,"state college","F150",1
2022,40.985,24.66,"state college","F150",2
2017,46.988,54.546,"state college","F150",7
2021,40.622,26.702,"state college","F150",3
2021,37.899,40.265,"state college","F150",3
2021,49.989,29.495,"state college","F150",3
2022,42.995,22.376,"state college","F150",2
2019,29.949,22.32,"state college","F150",5
2021,36.395,29.931,"state college","F150",3
2022,42.497,17.783,"state college","F150",2
2020,34.97,29.815,"state college","F150",4
2021,38.998,14.404,"state college","F150",3
2019,28.788,61.733,"state college","F150",5
2022,46.497,18.754,"state college","F150",2
2021,35.398,61.732,"state college","F150",3
2019,29.587,48.185,"state college","F150",5
2020,41.888,22.643,"state college","F150",4
2021,41.572,30.392,"state college","F150",3
2022,39.9,24.443,"state college","F150",2
2022,39.776,11.302,"state college","F150",2
2021,36.395,54.629,"state college","F150",3
2021,49.9,27.855,"state college","F150",3
2020,38.549,25.621,"state college","F150",4
2022,49.896,0.018,"state college","F150",2
2021,46.497,22.468,"state college","F150",3
2021,36.933,22.44,"state college","F150",3
2022,44.9,28.147,"state college","F150",2
2021,42.488,21.555,"state college","F150",3
2016,26.078,107.398,"state college","F150",8
2021,41.991,36.493,"state college","F150",3
2019,28.5,48.791,"state college","F150",5
2019,36.9,23.826,"state college","F150",5
2021,41.5,25.639,"state college","F150",3
2019,32.326,64.813,"state college","F150",5
2022,41.755,19.776,"state college","F150",2
2021,44.995,22.771,"state college","F150",3
2023,45.992,5.558,"state college","F150",1
2020,29.94,84.185,"state college","F150",4
2022,41.671,17.79,"state college","F150",2
2018,28.298,64.558,"state college","F150",6
2019,27,86.859,"state college","F150",5
2022,43.399,22.037,"state college","F150",2
2021,41.289,18.557,"state college","F150",3
2020,38.997,32.733,"state college","F150",4
2021,43.9,31.923,"state college","F150",3
2023,51.497,4.923,"state college","F150",1
2021,37.679,35.45,"state college","F150",3
2021,36.409,30.308,"state college","F150",3
2023,73.488,22.678,"state college","F150",1
2016,18.486,111.101,"state college","F150",8
2019,41.9,51.584,"state college","F150",5
2012,16.985,220.12,"state college","F150",12
2023,47.991,2.453,"state college","F150",1
2021,35.995,22.902,"state college","F150",3
2013,13,172.982,"state college","F150",11
2021,47.5,23.42,"state college","F150",3
2021,43.991,28.118,"state college","F150",3
2017,27.498,25.842,"state college","F150",7
2021,43.497,25.226,"state college","F150",3
2019,32.803,44.783,"state college","F150",5
2021,45.5,30.818,"state college","F150",3
2016,25.8,79.614,"state college","F150",8
2022,42.9,51.779,"state college","F150",2
2022,42.997,9.351,"state college","F150",2
2018,29.888,59.734,"state college","F150",6
2023,48.5,12.691,"state college","F150",1
2021,32.095,57.238,"state college","F150",3
2021,43.028,29.43,"state college","F150",3
2021,40.5,40.612,"state college","F150",3
2021,38.632,14.915,"state college","F150",3
2023,47.997,6.617,"state college","F150",1
2022,55.863,21.102,"state college","F150",2
2022,51.995,13.983,"state college","F150",2
2023,49.877,16.461,"state college","F150",1
2016,29.98,97.066,"state college","F150",8
2021,42.5,43.592,"state college","F150",3
2021,43.995,18.938,"state college","F150",3
2021,48.99,15.087,"state college","F150",3
2023,48.388,13.293,"state college","F150",1
2018,26.5,89.357,"state college","F150",6
2021,39.2,39.844,"state college","F150",3
2022,51.64,16.699,"state college","F150",2
2022,48.98,16.844,"state college","F150",2
2017,30.7,57.543,"state college","F150",7
2016,25.788,79.072,"state college","F150",8
2022,43.995,21.648,"state college","F150",2
2018,37.608,55.785,"state college","F150",6
2021,41.997,21.287,"state college","F150",3
2019,36.3,25.369,"state college","F150",5
2021,39.997,35.999,"state college","F150",3
2020,37.755,57.323,"state college","F150",4
2015,25.495,68.918,"state college","F150",9
2022,49.682,4.958,"state college","F150",2
2018,27.999,42.808,"state college","F150",6
2022,42.997,12.322,"state college","F150",2
2023,48.295,25.485,"state college","F150",1
2022,44.9,39.944,"state college","F150",2
2019,32.488,34.222,"state college","F150",5
2023,52.497,4.85,"state college","F150",1
2023,43.955,5.283,"state college","F150",1
2018,27.495,54.841,"state college","F150",6
2022,44.2,18.507,"state college","F150",2
2015,26.98,83,"state college","F150",9
2020,29.8,46.225,"state college","F150",4
2020,27,56.889,"state college","F150",4
2015,19.972,98.609,"state college","F150",9
2015,25.826,78.96,"state college","F150",9
2018,27.621,61.406,"state college","F150",6
2022,47.82,9.416,"state college","F150",2
2021,51.672,18.464,"state college","F150",3
2023,47.89,0.038,"state college","F150",1
2018,31.44,54.729,"state college","F150",6
2013,18.99,120.564,"state college","F150",11
2013,15.99,101.717,"state college","F150",11
2021,57,31.233,"state college","F150",3
2021,37.377,30.384,"state college","F150",3
2021,44.7,35.864,"state college","F150",3
2022,40.84,32.919,"state college","F150",2
2021,39.5,18.973,"state college","F150",3
2021,36.988,27.412,"state college","F150",3
2016,23.985,110.628,"state college","F150",8
2021,49.89,24.068,"state college","F150",3
2023,79.997,9.981,"state college","F150",1
2022,41.345,20.089,"state college","F150",2
2021,43.9,26.099,"state college","F150",3
2021,40.494,43.763,"state college","F150",3
2021,40.497,47.264,"state college","F150",3
2021,37.5,20.5,"state college","F150",3
2022,48.4,15.162,"state college","F150",2
2021,38.464,40.137,"state college","F150",3
2022,39.695,49.033,"state college","F150",2
2022,51.426,13.929,"state college","F150",2
2019,31.995,44.31,"state college","F150",5
2023,48.988,15.314,"state college","F150",1
2021,46,28.227,"state college","F150",3
2011,21.488,39.344,"state college","F150",13
2008,12.5,137.1,"state college","F150",16
2020,37.9,46.433,"state college","F150",4
2022,44.307,9.477,"state college","F150",2
2015,24.997,72.003,"state college","F150",9
2021,50.986,26.67,"state college","F150",3
2018,34.99,87.997,"state college","F150",6
2022,42.988,12.108,"state college","F150",2
2019,30.998,21.161,"state college","F150",5
2022,32.997,9.56,"Charlotte","F150",2
2014,22.5,55.143,"Charlotte","F150",10
2020,36.95,36.598,"Charlotte","F150",4
2019,32.608,55.329,"Charlotte","F150",5
2019,36.997,46.445,"Charlotte","F150",5
2023,34.999,15.564,"Charlotte","F150",1
2023,44.638,9.106,"Charlotte","F150",1
2022,59.3,22.04,"Charlotte","F150",2
2021,40.94,22.282,"Charlotte","F150",3
2022,52.995,20.907,"Charlotte","F150",2
2023,56.999,0.258,"Charlotte","F150",1
2021,34.5,63.9,"Charlotte","F150",3
2021,45.999,13.603,"Charlotte","F150",3
2020,34.398,28.754,"Charlotte","F150",4
2021,39.4,61.417,"Charlotte","F150",3
2010,16.5,128,"Charlotte","F150",14
2020,44.77,29.91,"Charlotte","F150",4
2018,32.072,24.591,"Charlotte","F150",6
2022,45.999,5.553,"Charlotte","F150",2
2011,14.5,81.876,"Charlotte","F150",13
2021,45.499,37.062,"Charlotte","F150",3
2017,39.597,54.076,"Charlotte","F150",7
2017,24.25,84.3,"Charlotte","F150",7
2019,28.999,102.381,"Charlotte","F150",5
2021,68.906,15.994,"Charlotte","F150",3
2022,44.75,28.473,"Charlotte","F150",2
2021,39.898,44.78,"Charlotte","F150",3
2023,42.988,6.817,"Charlotte","F150",1
2018,52.9,50.278,"Charlotte","F150",6
2021,57.565,23.799,"Charlotte","F150",3
2022,32.721,57.478,"Charlotte","F150",2
2022,73.997,21.259,"Charlotte","F150",2
2020,43.333,52.782,"Charlotte","F150",4
2021,42.9,43.391,"Charlotte","F150",3
2023,32.962,46.085,"Charlotte","F150",1
2023,44.95,2.817,"Charlotte","F150",1
2020,44.873,41.11,"Charlotte","F150",4
2023,62.988,1.084,"Charlotte","F150",1
2020,35.7,51.315,"Charlotte","F150",4
2023,45.488,4.117,"Charlotte","F150",1
2022,61.988,6.326,"Charlotte","F150",2
2018,31,90.514,"Charlotte","F150",6
2023,53.999,9.649,"Charlotte","F150",1
2013,14.96,170.431,"Charlotte","F150",11
2022,37.789,16.712,"Charlotte","F150",2
2023,38.999,5.902,"Charlotte","F150",1
2023,47.5,1.11,"Charlotte","F150",1
2021,50.999,44.181,"Charlotte","F150",3
2021,35.931,50.608,"Charlotte","F150",3
2021,53.949,21.97,"Charlotte","F150",3
2021,49.9,32.115,"Charlotte","F150",3
2020,38.979,42.296,"Charlotte","F150",4
2018,31.985,45.925,"Charlotte","F150",6
2023,40.939,16.329,"Charlotte","F150",1
2023,63.7,1.265,"Charlotte","F150",1
2021,57.5,20.3,"Charlotte","F150",3
2020,39.8,97.967,"Charlotte","F150",4
2018,19.35,125,"Charlotte","F150",6
2021,43.261,34.299,"Charlotte","F150",3
2022,55.412,35.35,"Charlotte","F150",2
2018,34.988,88.306,"Charlotte","F150",6
2022,75.999,27.812,"Charlotte","F150",2
2019,29.999,58.837,"Charlotte","F150",5
2015,17.495,99.623,"Charlotte","F150",9
2023,80.41,2.253,"Charlotte","F150",1
2023,41.799,4.982,"Charlotte","F150",1
2018,23.545,21.574,"Charlotte","F150",6
2016,28.998,94.175,"Charlotte","F150",8
2009,9.995,186.271,"Charlotte","F150",15
2022,44.5,26.598,"Charlotte","F150",2
2018,44.479,78.007,"Charlotte","F150",6
2018,38.999,86.5,"Charlotte","F150",6
2020,33.164,58.86,"Charlotte","F150",4
2017,18.772,63.666,"Charlotte","F150",7
2021,52.988,38.984,"Charlotte","F150",3
2022,43.849,19.779,"Charlotte","F150",2
2020,39.995,28.203,"Charlotte","F150",4
2022,30.999,24.26,"Charlotte","F150",2
2023,44.93,10.858,"Charlotte","F150",1
2021,38.898,44.144,"Charlotte","F150",3
2022,46.995,2.519,"Charlotte","F150",2
2023,49.54,12.414,"Charlotte","F150",1
2019,30.795,86.9,"Charlotte","F150",5
2018,46.99,61.102,"Charlotte","F150",6
2023,40.352,4.362,"Charlotte","F150",1
2021,41.991,22.821,"Charlotte","F150",3
2021,37.7,50.753,"Charlotte","F150",3
2022,49.5,19.753,"Charlotte","F150",2
2022,48.999,42.394,"Charlotte","F150",2
2021,39.977,40.273,"Charlotte","F150",3
2021,55.989,33.056,"Charlotte","F150",3
2019,30.998,63.36,"Charlotte","F150",5
2022,52.24,12.401,"Charlotte","F150",2
2017,29.991,54.627,"Charlotte","F150",7
2022,45.998,10.887,"Charlotte","F150",2
2018,29.875,19.851,"Charlotte","F150",6
2020,28.999,73.401,"Charlotte","F150",4
2019,26.885,57.112,"Charlotte","F150",5
2013,18.09,97.741,"Charlotte","F150",11
2023,54.999,4.202,"Charlotte","F150",1
2023,67.2,7.531,"Charlotte","F150",1
2021,45.9,31.544,"Charlotte","F150",3
2021,58.997,27.692,"Charlotte","F150",3
2021,48.352,22.512,"Charlotte","F150",3
2022,58.988,29.971,"Charlotte","F150",2
2023,53,13.22,"Charlotte","F150",1
2021,37.486,26.695,"Charlotte","F150",3
2021,38.08,45.896,"Charlotte","F150",3
2021,55.99,22.598,"Charlotte","F150",3
2023,45,4.25,"Charlotte","F150",1
2022,30.495,27.218,"Charlotte","F150",2
2020,35.762,41.699,"Charlotte","F150",4
2020,35.999,38.23,"Charlotte","F150",4
2023,74.988,23.096,"Charlotte","F150",1
2023,51.999,11.316,"Charlotte","F150",1
2022,65,15.557,"Charlotte","F150",2
2021,38.15,57.481,"Charlotte","F150",3
2022,45.58,12.901,"Charlotte","F150",2
2023,41.5,1.037,"Charlotte","F150",1
2019,48.697,78.613,"Charlotte","F150",5
2020,35.92,79.34,"Charlotte","F150",4
2021,50.698,19.266,"Charlotte","F150",3
2019,32,75,"Charlotte","F150",5
2021,36.988,60.546,"Charlotte","F150",3
2020,28.535,55.787,"Charlotte","F150",4
2020,33.891,55.386,"Charlotte","F150",4
2021,38.289,23.104,"Charlotte","F150",3
2019,59.864,25.523,"Charlotte","F150",5
2018,31.599,67.941,"Charlotte","F150",6
2023,77.988,10.753,"Charlotte","F150",1
2021,41.25,29.387,"Charlotte","F150",3
2020,31.999,57.82,"Charlotte","F150",4
2011,13.288,168.271,"Charlotte","F150",13
2022,53.996,8.431,"Charlotte","F150",2
2021,38.456,35.744,"Charlotte","F150",3
2023,37.7,14.332,"Charlotte","F150",1
2019,42.932,49.942,"Charlotte","F150",5
2019,31.5,63.065,"Charlotte","F150",5
2023,46.9,3.084,"Charlotte","F150",1
2021,33.45,29.779,"Charlotte","F150",3
2022,43.95,18.426,"Charlotte","F150",2
2020,32,55.801,"Charlotte","F150",4
2016,23.477,57.124,"Charlotte","F150",8
2022,45.999,11.386,"Charlotte","F150",2
2015,16.995,130.097,"Charlotte","F150",9
2021,30.999,31.521,"Charlotte","F150",3
2021,45.9,35.9,"Charlotte","F150",3
2022,70.5,9.035,"Charlotte","F150",2
2016,26.999,94.168,"Charlotte","F150",8
2019,27.297,84.892,"Charlotte","F150",5
2017,21.495,143.51,"Charlotte","F150",7
2021,42.304,43.241,"Charlotte","F150",3
2020,29.279,62.012,"Charlotte","F150",4
2021,46.21,41.217,"Charlotte","F150",3
2021,38.4,29.333,"Charlotte","F150",3
2021,46.999,68.828,"Charlotte","F150",3
2016,19,172.903,"Charlotte","F150",8
2017,25.989,79.697,"Charlotte","F150",7
2017,24.03,95.34,"Charlotte","F150",7
2021,37.989,39.254,"Charlotte","F150",3
2020,43.7,31.067,"Charlotte","F150",4
2021,55.999,28.358,"Charlotte","F150",3
2020,33.128,45.459,"Charlotte","F150",4
2022,48.21,24.625,"Charlotte","F150",2
2022,59.187,16.482,"Charlotte","F150",2
2021,55.79,19.98,"Charlotte","F150",3
2023,45.997,4.833,"Charlotte","F150",1
2022,49.389,29.92,"Charlotte","F150",2
2023,58.999,7.658,"Charlotte","F150",1
2019,41.999,52.305,"Charlotte","F150",5
2017,39,116,"Charlotte","F150",7
2018,30.209,77.589,"Charlotte","F150",6
2013,14.99,124.789,"Charlotte","F150",11
2019,25.685,76.051,"Charlotte","F150",5
2023,40.7,0.768,"Charlotte","F150",1
2021,34.985,33.177,"Charlotte","F150",3
2021,44.598,35.206,"Charlotte","F150",3
2018,27.188,71.168,"Charlotte","F150",6
2019,35.5,47.833,"Charlotte","F150",5
2017,36.999,77.771,"Charlotte","F150",7
2013,17.477,98.375,"Charlotte","F150",11
2022,44.989,16.166,"Charlotte","F150",2
2021,37.998,40.501,"Charlotte","F150",3
2018,36.5,59.853,"Charlotte","F150",6
2021,54.891,28.18,"Charlotte","F150",3
2020,38.497,73.016,"Charlotte","F150",4
2023,54.677,31.137,"Charlotte","F150",1
2020,31.9,47.668,"Charlotte","F150",4
2019,36.999,44.652,"Charlotte","F150",5
2022,31.289,13.633,"Charlotte","F150",2
2016,30.5,109.062,"Charlotte","F150",8
2018,30,106.984,"Charlotte","F150",6
2023,54.999,8.607,"Charlotte","F150",1
2021,29.5,70.652,"Charlotte","F150",3
2022,45.877,23.898,"Charlotte","F150",2
2023,46.999,6.922,"Charlotte","F150",1
2021,42.401,15.766,"Charlotte","F150",3
2022,39.9,22.638,"Charlotte","F150",2
2016,26.425,84.325,"Charlotte","F150",8
2018,39.188,58.071,"Charlotte","F150",6
2021,42.999,39.262,"Charlotte","F150",3
2022,50.999,20.916,"Charlotte","F150",2
2022,74.437,35.758,"Charlotte","F150",2
2019,29.5,76.545,"Charlotte","F150",5
2014,8.9,148,"Charlotte","F150",10
2016,21.612,149.724,"Charlotte","F150",8
2020,45.497,16.204,"Charlotte","F150",4
2021,45.5,54.725,"Charlotte","F150",3
2020,35.433,25.051,"Charlotte","F150",4
2015,18.497,132.192,"Charlotte","F150",9
2021,48.5,27.318,"Charlotte","F150",3
2023,74.5,2.5,"Charlotte","F150",1
2022,44.999,19.872,"Charlotte","F150",2
2021,40.199,41.824,"Charlotte","F150",3
2018,27,109.732,"Charlotte","F150",6
2020,25.7,59.551,"Charlotte","F150",4
2005,9.99,151,"Charlotte","F150",19
2018,36.434,30.759,"Charlotte","F150",6
2021,34.5,66.896,"Charlotte","F150",3
2016,22.758,118.62,"Charlotte","F150",8
2021,32,66.351,"Charlotte","F150",3
2023,54.045,11.546,"Charlotte","F150",1
1996,30,155,"Charlotte","F150",28
2017,25,55.256,"Charlotte","F150",7
2022,42.7,25.666,"Charlotte","F150",2
2022,52.213,8.151,"Charlotte","F150",2
2020,36.891,20.795,"Charlotte","F150",4
2019,26.378,76.794,"Charlotte","F150",5
2020,38.828,20.412,"Charlotte","F150",4
2018,30.988,75.112,"Charlotte","F150",6
2021,38.627,43.887,"Charlotte","F150",3
2002,12.499,229.75,"Charlotte","F150",22
2021,69.48,31.231,"Charlotte","F150",3
2023,47.7,6.358,"Charlotte","F150",1
2020,28.988,40.547,"Charlotte","F150",4
2018,26.919,71.729,"Charlotte","F150",6
2023,81.868,6.21,"Charlotte","F150",1
2023,44.479,18.101,"Charlotte","F150",1
2022,44.999,6.279,"Charlotte","F150",2
2019,36.481,26.327,"Charlotte","F150",5
2022,53.999,15.304,"Charlotte","F150",2
2023,53,5.696,"Charlotte","F150",1
2019,55.9,71.47,"Charlotte","F150",5
2020,38.65,25.356,"Charlotte","F150",4
2022,43.999,20.13,"Charlotte","F150",2
2022,64,11.263,"Charlotte","F150",2
2023,42.831,10.527,"Charlotte","F150",1
2021,32.999,63.278,"Charlotte","F150",3
2021,45.499,60.349,"Charlotte","F150",3
2020,62.897,24.86,"Charlotte","F150",4
2021,38.189,33.484,"Charlotte","F150",3
2015,29.977,85.89,"Charlotte","F150",9
2014,14,197.621,"Charlotte","F150",10
2023,54.763,3.581,"Charlotte","F150",1
2022,47.997,29.291,"Charlotte","F150",2
2023,43,14.072,"Charlotte","F150",1
2018,31.774,42,"Charlotte","F150",6
2021,38.5,29.628,"Charlotte","F150",3
2021,37.499,43.502,"Charlotte","F150",3
2022,46.987,20.434,"Charlotte","F150",2
2023,66,3.525,"Charlotte","F150",1
2021,30.999,70.425,"Charlotte","F150",3
2021,49.999,50.158,"Charlotte","F150",3
2022,51.999,17.313,"Charlotte","F150",2
2020,36.499,36.311,"Charlotte","F150",4
2023,51.118,7.468,"Charlotte","F150",1
2020,27.195,45.597,"Charlotte","F150",4
2023,46.475,14.25,"Charlotte","F150",1
2021,43.788,29.103,"Charlotte","F150",3
2016,28.5,88.744,"Charlotte","F150",8
2021,33.5,28.923,"Charlotte","F150",3
2021,41.991,28.473,"Charlotte","F150",3
2020,38.2,31.928,"Charlotte","F150",4
2021,38,32.37,"Charlotte","F150",3
2021,31.884,60.636,"Charlotte","F150",3
2023,61.988,24.071,"Charlotte","F150",1
2022,44.999,10.859,"Charlotte","F150",2
2016,32,57.405,"Charlotte","F150",8
2022,53.999,18.831,"Charlotte","F150",2
2021,40.949,34.792,"Charlotte","F150",3
2020,34.761,33.042,"Charlotte","F150",4
2019,55.999,40.056,"Charlotte","F150",5
2022,50.998,6.562,"Charlotte","F150",2
2020,39.497,68.933,"Charlotte","F150",4
2022,43,46.942,"Charlotte","F150",2
2022,61.28,21.74,"Charlotte","F150",2
2023,64.823,11.315,"Charlotte","F150",1
2021,37.995,18.242,"Charlotte","F150",3
2021,45.999,34.311,"Charlotte","F150",3
2021,51.9,19.9,"Charlotte","F150",3
2022,99.999,11,"Charlotte","F150",2
2020,31.988,68.211,"Charlotte","F150",4
2020,31.579,49.141,"Charlotte","F150",4
2021,27.999,66.409,"Charlotte","F150",3
2011,7.991,199.521,"Charlotte","F150",13
2022,46.8,17.1,"Charlotte","F150",2
2018,31.5,55.405,"Charlotte","F150",6
2020,28.025,71.418,"Charlotte","F150",4
2022,75.997,10.601,"Charlotte","F150",2
2019,23.635,109.371,"Charlotte","F150",5
